INSERT INTO `user` (`id`, `username`, `password`) VALUES
	(1, 'admin', '$2a$10$iz1QiuSVUMFcXdx5Xs2mr.OdTZBuutK0GrKqWS8x2OhaDz8jKV5ei'),
	(58, 'Tatjana', '$2a$10$D8HEJwx9OLTITccHn.Xz9.cT2jP3W1jvSji./KHkFB8I70aSLyjF2');

INSERT INTO `item` (`id`, `cathegory`, `title`) VALUES
	(1, 'Preparation', 'Request visa'),
	(2, 'Essentials', 'Passport'),
	(3, 'Toileteries', 'Deodorant'),
	(4, 'Clothes', 'Underwear'),
	(5, 'Electronics', 'Laptop (+Charger)'),
	(6, 'Accessories', 'Sunglasses'),
	(9, 'Carry on bag', 'Headphones'),
	(10, 'Preparation', 'Check passport expiration'),
	(11, 'Preparation', 'Book tickets'),
	(12, 'Preparation', 'Travel insurance'),
	(13, 'Preparation', 'Book accomodation'),
	(14, 'Preparation', 'Check-In online'),
	(15, 'Preparation', 'Order special meals'),
	(16, 'Preparation', 'Check baggage limits'),
	(17, 'Preparation', 'Change money'),
	(18, 'Essentials', 'Personal Identification card'),
	(19, 'Essentials', 'Visa'),
	(20, 'Essentials', 'Driver\'s license/International driver\'s license'),
	(21, 'Essentials', 'Travel insurance documents'),
	(22, 'Essentials', 'Cash (Foreigh & Local currency)'),
	(23, 'Essentials', 'Credit card/debit card'),
	(24, 'Essentials', 'Boarding passes'),
	(25, 'Essentials', 'Offline maps'),
	(26, 'Essentials', 'Keys'),
	(28, 'Clothes', 'Socks'),
	(29, 'Clothes', 'Bikini/Swimsuit'),
	(30, 'Clothes', 'Pyjama'),
	(31, 'Clothes', 'Long pants'),
	(32, 'Clothes', 'Jeans'),
	(33, 'Clothes', 'Skirt'),
	(34, 'Clothes', 'Shorts'),
	(35, 'Clothes', 'Light jacket'),
	(36, 'Clothes', 'Warm jacket'),
	(37, 'Clothes', 'Scarf'),
	(38, 'Clothes', 'Gloves'),
	(39, 'Clothes', 'Coat'),
	(40, 'Clothes', 'Hat'),
	(41, 'Clothes', 'Hoodie'),
	(42, 'Clothes', 'Shirt'),
	(43, 'Clothes', 'Pullover'),
	(44, 'Clothes', 'Blouse'),
	(45, 'Clothes', 'Tops'),
	(46, 'Clothes', 'T-shirt'),
	(47, 'Clothes', 'Dress'),
	(48, 'Clothes', 'Sandals'),
	(49, 'Clothes', 'Boots'),
	(50, 'Clothes', 'Flipflops'),
	(51, 'Clothes', 'Belt'),
	(52, 'Clothes', 'Business suit'),
	(53, 'Clothes', 'Evening dress'),
	(54, 'Clothes', 'Trench coat'),
	(55, 'Toileteries', 'Toothbrush'),
	(56, 'Toileteries', 'Dental Floss'),
	(57, 'Toileteries', 'Toothpaste'),
	(58, 'Toileteries', 'Mouthwash'),
	(59, 'Toileteries', 'Contacts/ contacts fluid'),
	(60, 'Toileteries', 'Soap/shower gel'),
	(61, 'Toileteries', 'Medical / Medications'),
	(62, 'Toileteries', 'Pain/Aspirin Medication'),
	(63, 'Toileteries', 'Prescription Medicine'),
	(64, 'Toileteries', 'Lip Balm'),
	(65, 'Toileteries', 'Hair Products (Wax, Mousse, Gel, Spray)'),
	(66, 'Toileteries', 'Shampoo'),
	(67, 'Toileteries', 'Conditioner'),
	(68, 'Toileteries', 'Hair mask'),
	(69, 'Toileteries', 'Hair brush/comb'),
	(70, 'Toileteries', 'Tweezers'),
	(71, 'Toileteries', 'Nail clippers/scissors'),
	(72, 'Toileteries', 'Nail file'),
	(73, 'Toileteries', 'Tissues/wet tissues'),
	(74, 'Toileteries', 'Perfume'),
	(75, 'Toileteries', 'Make-Up'),
	(76, 'Toileteries', 'Makeup Remover'),
	(77, 'Toileteries', 'Face mask'),
	(78, 'Toileteries', 'Cleansers'),
	(79, 'Toileteries', 'Moisturizer'),
	(80, 'Toileteries', 'Face cream'),
	(81, 'Toileteries', 'Razor'),
	(82, 'Toileteries', 'Shaving Gel/Foam'),
	(83, 'Toileteries', 'Aftershave'),
	(84, 'Toileteries', 'Body cream'),
	(85, 'Toileteries', 'Feminine hygiene products'),
	(86, 'Toileteries', 'Cotton swabs/pads'),
	(87, 'Toileteries', 'Sun cream'),
	(88, 'Toileteries', 'Washcloth'),
	(89, 'Electronics', 'Mobile phone (+Charger)'),
	(90, 'Electronics', 'Camera (+Charger)'),
	(91, 'Electronics', 'SD-cards'),
	(92, 'Electronics', 'eReader (+Charger)'),
	(93, 'Electronics', 'Laptop(+charger)'),
	(94, 'Electronics', 'MP3-player'),
	(95, 'Electronics', 'Travel hair dryer'),
	(96, 'Electronics', 'Travel adaptor'),
	(98, 'Electronics', 'Headphones'),
	(99, 'Electronics', 'Powerbank'),
	(100, 'Electronics', 'Memory disc'),
	(101, 'Accessories', 'Glasses'),
	(102, 'Accessories', 'Sewing kit'),
	(103, 'Accessories', 'Umbrella'),
	(104, 'Accessories', 'Gifts/souveniers'),
	(105, 'Accessories', 'Jewellery'),
	(106, 'Accessories', 'Bag'),
	(107, 'Accessories', 'Watch'),
	(108, 'Accessories', 'Hair accessories'),
	(109, 'Accessories', 'Beach towel'),
	(110, 'Carry on bag', 'Ear Plugs'),
	(111, 'Carry on bag', 'Sleeping mask'),
	(112, 'Carry on bag', 'Travel pillow / Blanket'),
	(113, 'Carry on bag', 'Sleep aids'),
	(114, 'Carry on bag', 'E-Reader'),
	(115, 'Carry on bag', 'Playing cards/Games'),
	(116, 'Carry on bag', 'Snacks'),
	(117, 'Carry on bag', 'Water bottle'),
	(118, 'Carry on bag', 'Book'),
	(119, 'Carry on bag', 'Hand cream'),
	(120, 'Carry on bag', 'Lip balm'),
	(121, 'Carry on bag', 'Powerbank'),
	(123, 'Clothes', 'Bodies'),
	(124, 'Clothes', 'Bathing suit/trunks'),
	(125, 'Clothes', 'Rubber boots'),
	(126, 'Accessories', 'Toys'),
	(127, 'Accessories', 'Coloring book'),
	(128, 'Accessories', 'Water wings'),
	(130, 'New category', 'My secret thingy');

INSERT INTO `property` (`id`, `name`) VALUES
	(1, 'Business'),
	(2, 'Vacation'),
	(3, 'Adult'),
	(4, 'Child'),
	(5, 'Baby'),
	(6, 'Female'),
	(7, 'Male');

INSERT INTO `item_property` (`item_id`, `property_id`) VALUES
	(1, 1),
	(1, 2),
	(1, 3),
	(1, 4),
	(1, 6),
	(1, 7),
	(2, 1),
	(2, 2),
	(2, 3),
	(2, 4),
	(2, 6),
	(2, 7),
	(3, 1),
	(3, 2),
	(3, 3),
	(3, 4),
	(3, 6),
	(3, 7),
	(4, 1),
	(4, 2),
	(4, 3),
	(4, 4),
	(4, 6),
	(4, 7),
	(5, 1),
	(5, 3),
	(5, 6),
	(5, 7),
	(6, 1),
	(6, 2),
	(6, 3),
	(6, 4),
	(6, 6),
	(6, 7),
	(9, 1),
	(9, 2),
	(9, 3),
	(9, 4),
	(9, 6),
	(9, 7),
	(10, 1),
	(10, 2),
	(10, 3),
	(10, 4),
	(10, 6),
	(10, 7),
	(11, 1),
	(11, 2),
	(11, 3),
	(11, 4),
	(11, 6),
	(11, 7),
	(12, 1),
	(12, 2),
	(12, 3),
	(12, 4),
	(12, 6),
	(12, 7),
	(13, 1),
	(13, 2),
	(13, 3),
	(13, 4),
	(13, 6),
	(13, 7),
	(14, 1),
	(14, 2),
	(14, 3),
	(14, 4),
	(14, 6),
	(14, 7),
	(15, 1),
	(15, 2),
	(15, 3),
	(15, 4),
	(15, 6),
	(15, 7),
	(16, 1),
	(16, 2),
	(16, 3),
	(16, 4),
	(16, 6),
	(16, 7),
	(17, 1),
	(17, 2),
	(17, 3),
	(17, 4),
	(17, 6),
	(17, 7),
	(18, 1),
	(18, 2),
	(18, 3),
	(18, 4),
	(18, 6),
	(18, 7),
	(19, 1),
	(19, 2),
	(19, 3),
	(19, 4),
	(19, 6),
	(19, 7),
	(20, 1),
	(20, 2),
	(20, 3),
	(20, 4),
	(20, 6),
	(20, 7),
	(21, 1),
	(21, 2),
	(21, 3),
	(21, 4),
	(21, 6),
	(21, 7),
	(22, 1),
	(22, 2),
	(22, 3),
	(22, 4),
	(22, 6),
	(22, 7),
	(23, 1),
	(23, 2),
	(23, 3),
	(23, 4),
	(23, 6),
	(23, 7),
	(24, 1),
	(24, 2),
	(24, 3),
	(24, 4),
	(24, 6),
	(24, 7),
	(25, 1),
	(25, 2),
	(25, 3),
	(25, 4),
	(25, 6),
	(25, 7),
	(26, 1),
	(26, 2),
	(26, 3),
	(26, 4),
	(26, 6),
	(26, 7),
	(28, 1),
	(28, 2),
	(28, 3),
	(28, 4),
	(28, 5),
	(28, 6),
	(28, 7),
	(29, 2),
	(29, 6),
	(30, 1),
	(30, 2),
	(30, 3),
	(30, 4),
	(30, 5),
	(30, 6),
	(30, 7),
	(31, 1),
	(31, 2),
	(31, 3),
	(31, 4),
	(31, 5),
	(31, 6),
	(31, 7),
	(32, 1),
	(32, 2),
	(32, 3),
	(32, 4),
	(32, 5),
	(32, 6),
	(32, 7),
	(33, 1),
	(33, 2),
	(33, 4),
	(33, 6),
	(34, 2),
	(34, 3),
	(34, 4),
	(34, 6),
	(34, 7),
	(35, 1),
	(35, 2),
	(35, 3),
	(35, 4),
	(35, 6),
	(35, 7),
	(36, 1),
	(36, 2),
	(36, 3),
	(36, 4),
	(36, 6),
	(36, 7),
	(37, 1),
	(37, 2),
	(37, 4),
	(37, 6),
	(37, 7),
	(38, 1),
	(38, 2),
	(38, 3),
	(38, 4),
	(38, 6),
	(38, 7),
	(39, 1),
	(39, 2),
	(39, 3),
	(39, 4),
	(39, 6),
	(39, 7),
	(40, 1),
	(40, 2),
	(40, 3),
	(40, 4),
	(40, 6),
	(40, 7),
	(41, 2),
	(41, 3),
	(41, 4),
	(41, 6),
	(41, 7),
	(42, 1),
	(42, 2),
	(42, 3),
	(42, 4),
	(42, 6),
	(42, 7),
	(43, 1),
	(43, 2),
	(43, 3),
	(43, 6),
	(43, 7),
	(44, 1),
	(44, 2),
	(44, 3),
	(44, 6),
	(45, 1),
	(45, 2),
	(45, 3),
	(45, 4),
	(45, 6),
	(46, 2),
	(46, 3),
	(46, 4),
	(46, 6),
	(46, 7),
	(47, 1),
	(47, 2),
	(47, 3),
	(47, 4),
	(47, 6),
	(48, 2),
	(48, 3),
	(48, 4),
	(48, 6),
	(48, 7),
	(49, 1),
	(49, 2),
	(49, 3),
	(49, 4),
	(49, 6),
	(49, 7),
	(50, 2),
	(50, 3),
	(50, 4),
	(50, 6),
	(50, 7),
	(51, 1),
	(51, 2),
	(51, 3),
	(51, 6),
	(51, 7),
	(52, 1),
	(52, 7),
	(53, 1),
	(53, 6),
	(54, 1),
	(54, 2),
	(54, 3),
	(54, 6),
	(54, 7),
	(55, 1),
	(55, 2),
	(55, 3),
	(55, 4),
	(55, 6),
	(55, 7),
	(56, 1),
	(56, 2),
	(56, 3),
	(56, 6),
	(56, 7),
	(57, 1),
	(57, 2),
	(57, 3),
	(57, 4),
	(57, 5),
	(57, 6),
	(57, 7),
	(58, 1),
	(58, 2),
	(58, 3),
	(58, 6),
	(58, 7),
	(59, 1),
	(59, 2),
	(59, 3),
	(59, 6),
	(59, 7),
	(60, 1),
	(60, 2),
	(60, 3),
	(60, 4),
	(60, 6),
	(60, 7),
	(64, 1),
	(64, 2),
	(64, 3),
	(64, 6),
	(64, 7),
	(65, 1),
	(65, 2),
	(65, 3),
	(65, 6),
	(65, 7),
	(66, 1),
	(66, 2),
	(66, 3),
	(66, 6),
	(66, 7),
	(67, 1),
	(67, 2),
	(67, 3),
	(67, 6),
	(68, 1),
	(68, 2),
	(68, 3),
	(68, 6),
	(69, 1),
	(69, 2),
	(69, 3),
	(69, 4),
	(69, 6),
	(69, 7),
	(70, 1),
	(70, 2),
	(70, 3),
	(70, 6),
	(71, 1),
	(71, 2),
	(71, 3),
	(71, 6),
	(71, 7),
	(72, 1),
	(72, 2),
	(72, 3),
	(72, 6),
	(73, 1),
	(73, 2),
	(73, 3),
	(73, 4),
	(73, 6),
	(73, 7),
	(74, 1),
	(74, 2),
	(74, 3),
	(74, 6),
	(74, 7),
	(75, 1),
	(75, 2),
	(75, 3),
	(75, 6),
	(76, 1),
	(76, 2),
	(76, 3),
	(76, 6),
	(77, 1),
	(77, 2),
	(77, 3),
	(77, 6),
	(78, 1),
	(78, 2),
	(78, 3),
	(78, 6),
	(78, 7),
	(79, 1),
	(79, 2),
	(79, 3),
	(79, 6),
	(79, 7),
	(80, 1),
	(80, 2),
	(80, 3),
	(80, 6),
	(80, 7),
	(81, 1),
	(81, 2),
	(81, 3),
	(81, 6),
	(81, 7),
	(82, 1),
	(82, 2),
	(82, 3),
	(82, 6),
	(82, 7),
	(83, 1),
	(83, 2),
	(83, 3),
	(83, 7),
	(84, 1),
	(84, 2),
	(84, 3),
	(84, 6),
	(85, 1),
	(85, 2),
	(85, 3),
	(85, 6),
	(86, 1),
	(86, 2),
	(86, 3),
	(86, 6),
	(86, 7),
	(87, 1),
	(87, 2),
	(87, 3),
	(87, 4),
	(87, 5),
	(87, 6),
	(87, 7),
	(88, 1),
	(88, 2),
	(88, 3),
	(88, 4),
	(88, 6),
	(88, 7),
	(89, 1),
	(89, 2),
	(89, 3),
	(89, 6),
	(89, 7),
	(90, 2),
	(90, 3),
	(90, 6),
	(90, 7),
	(91, 2),
	(91, 3),
	(91, 6),
	(91, 7),
	(92, 1),
	(92, 2),
	(92, 3),
	(92, 6),
	(92, 7),
	(94, 2),
	(94, 3),
	(94, 4),
	(94, 6),
	(94, 7),
	(95, 1),
	(95, 2),
	(95, 3),
	(95, 6),
	(96, 1),
	(96, 2),
	(96, 3),
	(96, 6),
	(96, 7),
	(98, 1),
	(98, 2),
	(98, 3),
	(98, 4),
	(98, 6),
	(98, 7),
	(99, 1),
	(99, 2),
	(99, 3),
	(99, 6),
	(99, 7),
	(100, 1),
	(100, 2),
	(100, 3),
	(100, 6),
	(100, 7),
	(101, 1),
	(101, 2),
	(101, 3),
	(101, 6),
	(101, 7),
	(102, 1),
	(102, 2),
	(102, 3),
	(102, 6),
	(102, 7),
	(103, 1),
	(103, 2),
	(103, 3),
	(103, 6),
	(103, 7),
	(104, 2),
	(104, 3),
	(104, 6),
	(104, 7),
	(105, 1),
	(105, 2),
	(105, 3),
	(105, 6),
	(105, 7),
	(106, 1),
	(106, 2),
	(106, 3),
	(106, 4),
	(106, 6),
	(106, 7),
	(107, 1),
	(107, 2),
	(107, 3),
	(107, 6),
	(107, 7),
	(108, 1),
	(108, 2),
	(108, 3),
	(108, 4),
	(108, 6),
	(108, 7),
	(109, 2),
	(109, 3),
	(109, 4),
	(109, 6),
	(109, 7),
	(110, 1),
	(110, 2),
	(110, 3),
	(110, 6),
	(110, 7),
	(111, 1),
	(111, 2),
	(111, 3),
	(111, 6),
	(111, 7),
	(112, 1),
	(112, 2),
	(112, 3),
	(112, 4),
	(112, 6),
	(112, 7),
	(113, 1),
	(113, 2),
	(113, 3),
	(113, 6),
	(113, 7),
	(114, 1),
	(114, 2),
	(114, 3),
	(114, 6),
	(114, 7),
	(115, 2),
	(115, 3),
	(115, 4),
	(115, 6),
	(115, 7),
	(116, 1),
	(116, 2),
	(116, 3),
	(116, 4),
	(116, 6),
	(116, 7),
	(117, 1),
	(117, 2),
	(117, 3),
	(117, 4),
	(117, 6),
	(117, 7),
	(118, 1),
	(118, 2),
	(118, 3),
	(118, 6),
	(118, 7),
	(119, 1),
	(119, 2),
	(119, 3),
	(119, 6),
	(120, 1),
	(120, 2),
	(120, 3),
	(120, 6),
	(120, 7),
	(121, 1),
	(121, 2),
	(121, 3),
	(121, 6),
	(121, 7),
	(123, 2),
	(123, 5),
	(124, 2),
	(124, 5),
	(125, 2),
	(125, 5),
	(126, 2),
	(126, 4),
	(126, 5),
	(127, 2),
	(127, 4),
	(128, 2),
	(128, 4);

INSERT INTO `trip_information` (`id`, `user_id`, `destination_city`, `from_date`, `to_date`, `packing_list_name`) VALUES
	(29, 1, 'London (Canada)', '2019-10-01', '2019-10-02', 'Mareki teine reis'),
	(96, 1, 'London (Canada)', '2019-10-01', '2019-10-02', 'Mareki kolmas reis'),
	(97, 1, 'Tallinn', '2019-09-21', '2019-09-22', 'Test Baby List 1');

INSERT INTO `trip_items_list` (`packing_list_id`, `item_id`, `user_id`) VALUES
	(29, 1, 1),
	(29, 10, 1),
	(29, 11, 1),
	(29, 12, 1),
	(29, 18, 1),
	(29, 19, 1),
	(29, 20, 1),
	(29, 21, 1),
	(29, 3, 1),
	(29, 55, 1),
	(96, 1, 1),
	(96, 10, 1),
	(96, 11, 1),
	(96, 12, 1),
	(96, 18, 1),
	(96, 19, 1),
	(96, 20, 1),
	(96, 21, 1),
	(96, 3, 1),
	(96, 55, 1),
	(96, 4, 1),
	(96, 28, 1),
	(96, 29, 1),
	(96, 39, 1),
	(96, 40, 1),
	(96, 41, 1),
	(96, 5, 1),
	(96, 89, 1),
	(96, 91, 1),
	(96, 92, 1),
	(96, 93, 1),
	(96, 94, 1),
	(96, 95, 1),
	(96, 96, 1),
	(96, 126, 1),
	(96, 127, 1),
	(96, 128, 1),
	(97, 57, 1),
	(97, 87, 1),
	(97, 123, 1),
	(97, 125, 1),
	(97, 126, 1);
